Name,SID,Height,Weight,BaseEXP,Type 1,Type 2,HP,Attack,Defense,Sp. Atk,Sp. Def,Speed
bulbasaur,1,7,69,64,Grass,Poison,45.0,49.0,49.0,65.0,65.0,45.0
ivysaur,2,10,130,142,Grass,Poison,60.0,62.0,63.0,80.0,80.0,60.0
venusaur,3,20,1000,236,Grass,Poison,80.0,82.0,83.0,100.0,100.0,80.0
charmander,4,6,85,62,Fire,None,39.0,52.0,43.0,60.0,50.0,65.0
charmeleon,5,11,190,142,Fire,None,58.0,64.0,58.0,80.0,65.0,80.0
charizard,6,17,905,240,Fire,Flying,78.0,84.0,78.0,109.0,85.0,100.0
squirtle,7,5,90,63,Water,None,44.0,48.0,65.0,50.0,64.0,43.0
wartortle,8,10,225,142,Water,None,59.0,63.0,80.0,65.0,80.0,58.0
blastoise,9,16,855,239,Water,None,79.0,83.0,100.0,85.0,105.0,78.0
caterpie,10,3,29,39,Bug,None,45.0,30.0,35.0,20.0,20.0,45.0
metapod,11,7,99,72,Bug,None,50.0,20.0,55.0,25.0,25.0,30.0
butterfree,12,11,320,178,Bug,Flying,60.0,45.0,50.0,90.0,80.0,70.0
weedle,13,3,32,39,Bug,Poison,40.0,35.0,30.0,20.0,20.0,50.0
kakuna,14,6,100,72,Bug,Poison,45.0,25.0,50.0,25.0,25.0,35.0
beedrill,15,10,295,178,Bug,Poison,65.0,90.0,40.0,45.0,80.0,75.0
pidgey,16,3,18,50,Normal,Flying,40.0,45.0,40.0,35.0,35.0,56.0
pidgeotto,17,11,300,122,Normal,Flying,63.0,60.0,55.0,50.0,50.0,71.0
pidgeot,18,15,395,216,Normal,Flying,83.0,80.0,75.0,70.0,70.0,101.0
rattata,19,3,35,51,Normal,None,30.0,56.0,35.0,25.0,35.0,72.0
raticate,20,7,185,145,Normal,None,55.0,81.0,60.0,50.0,70.0,97.0
spearow,21,3,20,52,Normal,Flying,40.0,60.0,30.0,31.0,31.0,70.0
fearow,22,12,380,155,Normal,Flying,65.0,90.0,65.0,61.0,61.0,100.0
ekans,23,20,69,58,Poison,None,35.0,60.0,44.0,40.0,54.0,55.0
arbok,24,35,650,157,Poison,None,60.0,85.0,69.0,65.0,79.0,80.0
pikachu,25,4,60,112,Electric,None,35.0,55.0,40.0,50.0,50.0,90.0
raichu,26,8,300,218,Electric,None,60.0,90.0,55.0,90.0,80.0,110.0
sandshrew,27,6,120,60,Ground,None,50.0,75.0,85.0,20.0,30.0,40.0
sandslash,28,10,295,158,Ground,None,75.0,100.0,110.0,45.0,55.0,65.0
nidorina,30,8,200,128,Poison,None,70.0,62.0,67.0,55.0,55.0,56.0
nidoqueen,31,13,600,227,Poison,Ground,90.0,92.0,87.0,75.0,85.0,76.0
nidorino,33,9,195,128,Poison,None,61.0,72.0,57.0,55.0,55.0,65.0
nidoking,34,14,620,227,Poison,Ground,81.0,102.0,77.0,85.0,75.0,85.0
clefairy,35,6,75,113,Fairy,None,70.0,45.0,48.0,60.0,65.0,35.0
clefable,36,13,400,217,Fairy,None,95.0,70.0,73.0,95.0,90.0,60.0
vulpix,37,6,99,60,Fire,None,38.0,41.0,40.0,50.0,65.0,65.0
ninetales,38,11,199,177,Fire,None,73.0,76.0,75.0,81.0,100.0,100.0
jigglypuff,39,5,55,95,Normal,Fairy,115.0,45.0,20.0,45.0,25.0,20.0
wigglytuff,40,10,120,196,Normal,Fairy,140.0,70.0,45.0,85.0,50.0,45.0
zubat,41,8,75,49,Poison,Flying,40.0,45.0,35.0,30.0,40.0,55.0
golbat,42,16,550,159,Poison,Flying,75.0,80.0,70.0,65.0,75.0,90.0
oddish,43,5,54,64,Grass,Poison,45.0,50.0,55.0,75.0,65.0,30.0
gloom,44,8,86,138,Grass,Poison,60.0,65.0,70.0,85.0,75.0,40.0
vileplume,45,12,186,221,Grass,Poison,75.0,80.0,85.0,110.0,90.0,50.0
paras,46,3,54,57,Bug,Grass,35.0,70.0,55.0,45.0,55.0,25.0
parasect,47,10,295,142,Bug,Grass,60.0,95.0,80.0,60.0,80.0,30.0
venonat,48,10,300,61,Bug,Poison,60.0,55.0,50.0,40.0,55.0,45.0
venomoth,49,15,125,158,Bug,Poison,70.0,65.0,60.0,90.0,75.0,90.0
diglett,50,2,8,53,Ground,None,10.0,55.0,25.0,35.0,45.0,95.0
dugtrio,51,7,333,149,Ground,None,35.0,80.0,50.0,50.0,70.0,120.0
meowth,52,4,42,58,Normal,None,40.0,45.0,35.0,40.0,40.0,90.0
persian,53,10,320,154,Normal,None,65.0,70.0,60.0,65.0,65.0,115.0
psyduck,54,8,196,64,Water,None,50.0,52.0,48.0,65.0,50.0,55.0
golduck,55,17,766,175,Water,None,80.0,82.0,78.0,95.0,80.0,85.0
mankey,56,5,280,61,Fighting,None,40.0,80.0,35.0,35.0,45.0,70.0
growlithe,58,7,190,70,Fire,None,55.0,70.0,45.0,70.0,50.0,60.0
arcanine,59,19,1550,194,Fire,None,90.0,110.0,80.0,100.0,80.0,95.0
poliwag,60,6,124,60,Water,None,40.0,50.0,40.0,40.0,40.0,90.0
poliwhirl,61,10,200,135,Water,None,65.0,65.0,65.0,50.0,50.0,90.0
poliwrath,62,13,540,230,Water,Fighting,90.0,95.0,95.0,70.0,90.0,70.0
abra,63,9,195,62,Psychic,None,25.0,20.0,15.0,105.0,55.0,90.0
kadabra,64,13,565,140,Psychic,None,40.0,35.0,30.0,120.0,70.0,105.0
alakazam,65,15,480,225,Psychic,None,55.0,50.0,45.0,135.0,95.0,120.0
machop,66,8,195,61,Fighting,None,70.0,80.0,50.0,35.0,35.0,35.0
machoke,67,15,705,142,Fighting,None,80.0,100.0,70.0,50.0,60.0,45.0
machamp,68,16,1300,227,Fighting,None,90.0,130.0,80.0,65.0,85.0,55.0
bellsprout,69,7,40,60,Grass,Poison,50.0,75.0,35.0,70.0,30.0,40.0
weepinbell,70,10,64,137,Grass,Poison,65.0,90.0,50.0,85.0,45.0,55.0
victreebel,71,17,155,221,Grass,Poison,80.0,105.0,65.0,100.0,70.0,70.0
tentacool,72,9,455,67,Water,Poison,40.0,40.0,35.0,50.0,100.0,70.0
tentacruel,73,16,550,180,Water,Poison,80.0,70.0,65.0,80.0,120.0,100.0
geodude,74,4,200,60,Rock,Ground,40.0,80.0,100.0,30.0,30.0,20.0
graveler,75,10,1050,137,Rock,Ground,55.0,95.0,115.0,45.0,45.0,35.0
golem,76,14,3000,223,Rock,Ground,80.0,120.0,130.0,55.0,65.0,45.0
ponyta,77,10,300,82,Fire,None,50.0,85.0,55.0,65.0,65.0,90.0
rapidash,78,17,950,175,Fire,None,65.0,100.0,70.0,80.0,80.0,105.0
slowpoke,79,12,360,63,Water,Psychic,90.0,65.0,65.0,40.0,40.0,15.0
slowbro,80,16,785,172,Water,Psychic,95.0,75.0,110.0,100.0,80.0,30.0
magnemite,81,3,60,65,Electric,Steel,25.0,35.0,70.0,95.0,55.0,45.0
magneton,82,10,600,163,Electric,Steel,50.0,60.0,95.0,120.0,70.0,70.0
doduo,84,14,392,62,Normal,Flying,35.0,85.0,45.0,35.0,35.0,75.0
dodrio,85,18,852,165,Normal,Flying,60.0,110.0,70.0,60.0,60.0,100.0
seel,86,11,900,65,Water,None,65.0,45.0,55.0,45.0,70.0,45.0
dewgong,87,17,1200,166,Water,Ice,90.0,70.0,80.0,70.0,95.0,70.0
grimer,88,9,300,65,Poison,None,80.0,80.0,50.0,40.0,50.0,25.0
muk,89,12,300,175,Poison,None,105.0,105.0,75.0,65.0,100.0,50.0
shellder,90,3,40,61,Water,None,30.0,65.0,100.0,45.0,25.0,40.0
cloyster,91,15,1325,184,Water,Ice,50.0,95.0,180.0,85.0,45.0,70.0
gastly,92,13,1,62,Ghost,Poison,30.0,35.0,30.0,100.0,35.0,80.0
haunter,93,16,1,142,Ghost,Poison,45.0,50.0,45.0,115.0,55.0,95.0
gengar,94,15,405,225,Ghost,Poison,60.0,65.0,60.0,130.0,75.0,110.0
onix,95,88,2100,77,Rock,Ground,35.0,45.0,160.0,30.0,45.0,70.0
drowzee,96,10,324,66,Psychic,None,60.0,48.0,45.0,43.0,90.0,42.0
hypno,97,16,756,169,Psychic,None,85.0,73.0,70.0,73.0,115.0,67.0
krabby,98,4,65,65,Water,None,30.0,105.0,90.0,25.0,25.0,50.0
kingler,99,13,600,166,Water,None,55.0,130.0,115.0,50.0,50.0,75.0
voltorb,100,5,104,66,Electric,None,40.0,30.0,50.0,55.0,55.0,100.0
electrode,101,12,666,172,Electric,None,60.0,50.0,70.0,80.0,80.0,140.0
exeggcute,102,4,25,65,Grass,Psychic,60.0,40.0,80.0,60.0,45.0,40.0
exeggutor,103,20,1200,186,Grass,Psychic,95.0,95.0,85.0,125.0,65.0,55.0
cubone,104,4,65,64,Ground,None,50.0,50.0,95.0,40.0,50.0,35.0
marowak,105,10,450,149,Ground,None,60.0,80.0,110.0,50.0,80.0,45.0
hitmonlee,106,15,498,159,Fighting,None,50.0,120.0,53.0,35.0,110.0,87.0
hitmonchan,107,14,502,159,Fighting,None,50.0,105.0,79.0,35.0,110.0,76.0
lickitung,108,12,655,77,Normal,None,90.0,55.0,75.0,60.0,75.0,30.0
koffing,109,6,10,68,Poison,None,40.0,65.0,95.0,60.0,45.0,35.0
weezing,110,12,95,172,Poison,None,65.0,90.0,120.0,85.0,70.0,60.0
rhyhorn,111,10,1150,69,Ground,Rock,80.0,85.0,95.0,30.0,30.0,25.0
rhydon,112,19,1200,170,Ground,Rock,105.0,130.0,120.0,45.0,45.0,40.0
chansey,113,11,346,395,Normal,None,250.0,5.0,5.0,35.0,105.0,50.0
tangela,114,10,350,87,Grass,None,65.0,55.0,115.0,100.0,40.0,60.0
kangaskhan,115,22,800,172,Normal,None,105.0,95.0,80.0,40.0,80.0,90.0
horsea,116,4,80,59,Water,None,30.0,40.0,70.0,70.0,25.0,60.0
seadra,117,12,250,154,Water,None,55.0,65.0,95.0,95.0,45.0,85.0
goldeen,118,6,150,64,Water,None,45.0,67.0,60.0,35.0,50.0,63.0
seaking,119,13,390,158,Water,None,80.0,92.0,65.0,65.0,80.0,68.0
staryu,120,8,345,68,Water,None,30.0,45.0,55.0,70.0,55.0,85.0
starmie,121,11,800,182,Water,Psychic,60.0,75.0,85.0,100.0,85.0,115.0
scyther,123,15,560,100,Bug,Flying,70.0,110.0,80.0,55.0,80.0,105.0
jynx,124,14,406,159,Ice,Psychic,65.0,50.0,35.0,115.0,95.0,95.0
electabuzz,125,11,300,172,Electric,None,65.0,83.0,57.0,95.0,85.0,105.0
magmar,126,13,445,173,Fire,None,65.0,95.0,57.0,100.0,85.0,93.0
pinsir,127,15,550,175,Bug,None,65.0,125.0,100.0,55.0,70.0,85.0
tauros,128,14,884,172,Normal,None,75.0,100.0,95.0,40.0,70.0,110.0
magikarp,129,9,100,40,Water,None,20.0,10.0,55.0,15.0,20.0,80.0
gyarados,130,65,2350,189,Water,Flying,95.0,125.0,79.0,60.0,100.0,81.0
lapras,131,25,2200,187,Water,Ice,130.0,85.0,80.0,85.0,95.0,60.0
ditto,132,3,40,101,Normal,None,48.0,48.0,48.0,48.0,48.0,48.0
eevee,133,3,65,65,Normal,None,55.0,55.0,50.0,45.0,65.0,55.0
vaporeon,134,10,290,184,Water,None,130.0,65.0,60.0,110.0,95.0,65.0
jolteon,135,8,245,184,Electric,None,65.0,65.0,60.0,110.0,95.0,130.0
flareon,136,9,250,184,Fire,None,65.0,130.0,60.0,95.0,110.0,65.0
porygon,137,8,365,79,Normal,None,65.0,60.0,70.0,85.0,75.0,40.0
omanyte,138,4,75,71,Rock,Water,35.0,40.0,100.0,90.0,55.0,35.0
omastar,139,10,350,173,Rock,Water,70.0,60.0,125.0,115.0,70.0,55.0
kabuto,140,5,115,71,Rock,Water,30.0,80.0,90.0,55.0,45.0,55.0
kabutops,141,13,405,173,Rock,Water,60.0,115.0,105.0,65.0,70.0,80.0
aerodactyl,142,18,590,180,Rock,Flying,80.0,105.0,65.0,60.0,75.0,130.0
snorlax,143,21,4600,189,Normal,None,160.0,110.0,65.0,65.0,110.0,30.0
articuno,144,17,554,261,Ice,Flying,90.0,85.0,100.0,95.0,125.0,85.0
zapdos,145,16,526,261,Electric,Flying,90.0,90.0,85.0,125.0,90.0,100.0
moltres,146,20,600,261,Fire,Flying,90.0,100.0,90.0,125.0,85.0,90.0
dratini,147,18,33,60,Dragon,None,41.0,64.0,45.0,50.0,50.0,50.0
dragonair,148,40,165,147,Dragon,None,61.0,84.0,65.0,70.0,70.0,70.0
dragonite,149,22,2100,270,Dragon,Flying,91.0,134.0,95.0,100.0,100.0,80.0
mewtwo,150,20,1220,306,Psychic,None,106.0,110.0,90.0,154.0,90.0,130.0
mew,151,4,40,270,Psychic,None,100.0,100.0,100.0,100.0,100.0,100.0
chikorita,152,9,64,64,Grass,None,45.0,49.0,65.0,49.0,65.0,45.0
bayleef,153,12,158,142,Grass,None,60.0,62.0,80.0,63.0,80.0,60.0
meganium,154,18,1005,236,Grass,None,80.0,82.0,100.0,83.0,100.0,80.0
cyndaquil,155,5,79,62,Fire,None,39.0,52.0,43.0,60.0,50.0,65.0
quilava,156,9,190,142,Fire,None,58.0,64.0,58.0,80.0,65.0,80.0
typhlosion,157,17,795,240,Fire,None,78.0,84.0,78.0,109.0,85.0,100.0
totodile,158,6,95,63,Water,None,50.0,65.0,64.0,44.0,48.0,43.0
croconaw,159,11,250,142,Water,None,65.0,80.0,80.0,59.0,63.0,58.0
feraligatr,160,23,888,239,Water,None,85.0,105.0,100.0,79.0,83.0,78.0
sentret,161,8,60,43,Normal,None,35.0,46.0,34.0,35.0,45.0,20.0
furret,162,18,325,145,Normal,None,85.0,76.0,64.0,45.0,55.0,90.0
hoothoot,163,7,212,52,Normal,Flying,60.0,30.0,30.0,36.0,56.0,50.0
noctowl,164,16,408,158,Normal,Flying,100.0,50.0,50.0,76.0,96.0,70.0
ledyba,165,10,108,53,Bug,Flying,40.0,20.0,30.0,40.0,80.0,55.0
ledian,166,14,356,137,Bug,Flying,55.0,35.0,50.0,55.0,110.0,85.0
spinarak,167,5,85,50,Bug,Poison,40.0,60.0,40.0,40.0,40.0,30.0
ariados,168,11,335,140,Bug,Poison,70.0,90.0,70.0,60.0,60.0,40.0
crobat,169,18,750,241,Poison,Flying,85.0,90.0,80.0,70.0,80.0,130.0
chinchou,170,5,120,66,Water,Electric,75.0,38.0,38.0,56.0,56.0,67.0
lanturn,171,12,225,161,Water,Electric,125.0,58.0,58.0,76.0,76.0,67.0
pichu,172,3,20,41,Electric,None,20.0,40.0,15.0,35.0,35.0,60.0
cleffa,173,3,30,44,Fairy,None,50.0,25.0,28.0,45.0,55.0,15.0
igglybuff,174,3,10,42,Normal,Fairy,90.0,30.0,15.0,40.0,20.0,15.0
togepi,175,3,15,49,Fairy,None,35.0,20.0,65.0,40.0,65.0,20.0
togetic,176,6,32,142,Fairy,Flying,55.0,40.0,85.0,80.0,105.0,40.0
natu,177,2,20,64,Psychic,Flying,40.0,50.0,45.0,70.0,45.0,70.0
xatu,178,15,150,165,Psychic,Flying,65.0,75.0,70.0,95.0,70.0,95.0
mareep,179,6,78,56,Electric,None,55.0,40.0,40.0,65.0,45.0,35.0
flaaffy,180,8,133,128,Electric,None,70.0,55.0,55.0,80.0,60.0,45.0
ampharos,181,14,615,230,Electric,None,90.0,75.0,85.0,115.0,90.0,55.0
bellossom,182,4,58,221,Grass,None,75.0,80.0,95.0,90.0,100.0,50.0
marill,183,4,85,88,Water,Fairy,70.0,20.0,50.0,20.0,50.0,40.0
azumarill,184,8,285,189,Water,Fairy,100.0,50.0,80.0,60.0,80.0,50.0
sudowoodo,185,12,380,144,Rock,None,70.0,100.0,115.0,30.0,65.0,30.0
politoed,186,11,339,225,Water,None,90.0,75.0,75.0,90.0,100.0,70.0
hoppip,187,4,5,50,Grass,Flying,35.0,35.0,40.0,35.0,55.0,50.0
skiploom,188,6,10,119,Grass,Flying,55.0,45.0,50.0,45.0,65.0,80.0
jumpluff,189,8,30,207,Grass,Flying,75.0,55.0,70.0,55.0,95.0,110.0
aipom,190,8,115,72,Normal,None,55.0,70.0,55.0,40.0,55.0,85.0
sunkern,191,3,18,36,Grass,None,30.0,30.0,30.0,30.0,30.0,30.0
sunflora,192,8,85,149,Grass,None,75.0,75.0,55.0,105.0,85.0,30.0
yanma,193,12,380,78,Bug,Flying,65.0,65.0,45.0,75.0,45.0,95.0
wooper,194,4,85,42,Water,Ground,55.0,45.0,45.0,25.0,25.0,15.0
quagsire,195,14,750,151,Water,Ground,95.0,85.0,85.0,65.0,65.0,35.0
espeon,196,9,265,184,Psychic,None,65.0,65.0,60.0,130.0,95.0,110.0
umbreon,197,10,270,184,Dark,None,95.0,65.0,110.0,60.0,130.0,65.0
murkrow,198,5,21,81,Dark,Flying,60.0,85.0,42.0,85.0,42.0,91.0
slowking,199,20,795,172,Water,Psychic,95.0,75.0,80.0,100.0,110.0,30.0
misdreavus,200,7,10,87,Ghost,None,60.0,60.0,60.0,85.0,85.0,85.0
unown,201,5,50,118,Psychic,None,48.0,72.0,48.0,72.0,48.0,48.0
wobbuffet,202,13,285,142,Psychic,None,190.0,33.0,58.0,33.0,58.0,33.0
girafarig,203,15,415,159,Normal,Psychic,70.0,80.0,65.0,90.0,65.0,85.0
pineco,204,6,72,58,Bug,None,50.0,65.0,90.0,35.0,35.0,15.0
forretress,205,12,1258,163,Bug,Steel,75.0,90.0,140.0,60.0,60.0,40.0
dunsparce,206,15,140,145,Normal,None,100.0,70.0,70.0,65.0,65.0,45.0
gligar,207,11,648,86,Ground,Flying,65.0,75.0,105.0,35.0,65.0,85.0
steelix,208,92,4000,179,Steel,Ground,75.0,85.0,200.0,55.0,65.0,30.0
snubbull,209,6,78,60,Fairy,None,60.0,80.0,50.0,40.0,40.0,30.0
granbull,210,14,487,158,Fairy,None,90.0,120.0,75.0,60.0,60.0,45.0
qwilfish,211,5,39,88,Water,Poison,65.0,95.0,75.0,55.0,55.0,85.0
scizor,212,18,1180,175,Bug,Steel,70.0,130.0,100.0,55.0,80.0,65.0
shuckle,213,6,205,177,Bug,Rock,20.0,10.0,230.0,10.0,230.0,5.0
heracross,214,15,540,175,Bug,Fighting,80.0,125.0,75.0,40.0,95.0,85.0
sneasel,215,9,280,86,Dark,Ice,55.0,95.0,55.0,35.0,75.0,115.0
teddiursa,216,6,88,66,Normal,None,60.0,80.0,50.0,50.0,50.0,40.0
ursaring,217,18,1258,175,Normal,None,90.0,130.0,75.0,75.0,75.0,55.0
slugma,218,7,350,50,Fire,None,40.0,40.0,40.0,70.0,40.0,20.0
magcargo,219,8,550,151,Fire,Rock,50.0,50.0,120.0,80.0,80.0,30.0
swinub,220,4,65,50,Ice,Ground,50.0,50.0,40.0,30.0,30.0,50.0
piloswine,221,11,558,158,Ice,Ground,100.0,100.0,80.0,60.0,60.0,50.0
corsola,222,6,50,144,Water,Rock,55.0,55.0,85.0,65.0,85.0,35.0
remoraid,223,6,120,60,Water,None,35.0,65.0,35.0,65.0,35.0,65.0
octillery,224,9,285,168,Water,None,75.0,105.0,75.0,105.0,75.0,45.0
delibird,225,9,160,116,Ice,Flying,45.0,55.0,45.0,65.0,45.0,75.0
mantine,226,21,2200,170,Water,Flying,65.0,40.0,70.0,80.0,140.0,70.0
skarmory,227,17,505,163,Steel,Flying,65.0,80.0,140.0,40.0,70.0,70.0
houndour,228,6,108,66,Dark,Fire,45.0,60.0,30.0,80.0,50.0,65.0
houndoom,229,14,350,175,Dark,Fire,75.0,90.0,50.0,110.0,80.0,95.0
kingdra,230,18,1520,243,Water,Dragon,75.0,95.0,95.0,95.0,95.0,85.0
phanpy,231,5,335,66,Ground,None,90.0,60.0,60.0,40.0,40.0,40.0
donphan,232,11,1200,175,Ground,None,90.0,120.0,120.0,60.0,60.0,50.0
porygon2,233,6,325,180,Normal,None,85.0,80.0,90.0,105.0,95.0,60.0
stantler,234,14,712,163,Normal,None,73.0,95.0,62.0,85.0,65.0,85.0
smeargle,235,12,580,88,Normal,None,55.0,20.0,35.0,20.0,45.0,75.0
tyrogue,236,7,210,42,Fighting,None,35.0,35.0,35.0,35.0,35.0,35.0
hitmontop,237,14,480,159,Fighting,None,50.0,95.0,95.0,35.0,110.0,70.0
smoochum,238,4,60,61,Ice,Psychic,45.0,30.0,15.0,85.0,65.0,65.0
elekid,239,6,235,72,Electric,None,45.0,63.0,37.0,65.0,55.0,95.0
magby,240,7,214,73,Fire,None,45.0,75.0,37.0,70.0,55.0,83.0
miltank,241,12,755,172,Normal,None,95.0,80.0,105.0,40.0,70.0,100.0
blissey,242,15,468,608,Normal,None,255.0,10.0,10.0,75.0,135.0,55.0
raikou,243,19,1780,261,Electric,None,90.0,85.0,75.0,115.0,100.0,115.0
entei,244,21,1980,261,Fire,None,115.0,115.0,85.0,90.0,75.0,100.0
suicune,245,20,1870,261,Water,None,100.0,75.0,115.0,90.0,115.0,85.0
larvitar,246,6,720,60,Rock,Ground,50.0,64.0,50.0,45.0,50.0,41.0
pupitar,247,12,1520,144,Rock,Ground,70.0,84.0,70.0,65.0,70.0,51.0
tyranitar,248,20,2020,270,Rock,Dark,100.0,134.0,110.0,95.0,100.0,61.0
lugia,249,52,2160,306,Psychic,Flying,106.0,90.0,130.0,90.0,154.0,110.0
ho-oh,250,38,1990,306,Fire,Flying,106.0,130.0,90.0,110.0,154.0,90.0
celebi,251,6,50,270,Psychic,Grass,100.0,100.0,100.0,100.0,100.0,100.0
treecko,252,5,50,62,Grass,None,40.0,45.0,35.0,65.0,55.0,70.0
grovyle,253,9,216,142,Grass,None,50.0,65.0,45.0,85.0,65.0,95.0
sceptile,254,17,522,239,Grass,None,70.0,85.0,65.0,105.0,85.0,120.0
torchic,255,4,25,62,Fire,None,45.0,60.0,40.0,70.0,50.0,45.0
combusken,256,9,195,142,Fire,Fighting,60.0,85.0,60.0,85.0,60.0,55.0
blaziken,257,19,520,239,Fire,Fighting,80.0,120.0,70.0,110.0,70.0,80.0
mudkip,258,4,76,62,Water,None,50.0,70.0,50.0,50.0,50.0,40.0
marshtomp,259,7,280,142,Water,Ground,70.0,85.0,70.0,60.0,70.0,50.0
swampert,260,15,819,241,Water,Ground,100.0,110.0,90.0,85.0,90.0,60.0
poochyena,261,5,136,56,Dark,None,35.0,55.0,35.0,30.0,30.0,35.0
mightyena,262,10,370,147,Dark,None,70.0,90.0,70.0,60.0,60.0,70.0
zigzagoon,263,4,175,56,Normal,None,38.0,30.0,41.0,30.0,41.0,60.0
linoone,264,5,325,147,Normal,None,78.0,70.0,61.0,50.0,61.0,100.0
wurmple,265,3,36,56,Bug,None,45.0,45.0,35.0,20.0,30.0,20.0
silcoon,266,6,100,72,Bug,None,50.0,35.0,55.0,25.0,25.0,15.0
beautifly,267,10,284,178,Bug,Flying,60.0,70.0,50.0,100.0,50.0,65.0
cascoon,268,7,115,72,Bug,None,50.0,35.0,55.0,25.0,25.0,15.0
dustox,269,12,316,173,Bug,Poison,60.0,50.0,70.0,50.0,90.0,65.0
lotad,270,5,26,44,Water,Grass,40.0,30.0,30.0,40.0,50.0,30.0
lombre,271,12,325,119,Water,Grass,60.0,50.0,50.0,60.0,70.0,50.0
ludicolo,272,15,550,216,Water,Grass,80.0,70.0,70.0,90.0,100.0,70.0
seedot,273,5,40,44,Grass,None,40.0,40.0,50.0,30.0,30.0,30.0
nuzleaf,274,10,280,119,Grass,Dark,70.0,70.0,40.0,60.0,40.0,60.0
shiftry,275,13,596,216,Grass,Dark,90.0,100.0,60.0,90.0,60.0,80.0
taillow,276,3,23,54,Normal,Flying,40.0,55.0,30.0,30.0,30.0,85.0
swellow,277,7,198,159,Normal,Flying,60.0,85.0,60.0,50.0,50.0,125.0
wingull,278,6,95,54,Water,Flying,40.0,30.0,30.0,55.0,30.0,85.0
pelipper,279,12,280,154,Water,Flying,60.0,50.0,100.0,85.0,70.0,65.0
ralts,280,4,66,40,Psychic,Fairy,28.0,25.0,25.0,45.0,35.0,40.0
kirlia,281,8,202,97,Psychic,Fairy,38.0,35.0,35.0,65.0,55.0,50.0
gardevoir,282,16,484,233,Psychic,Fairy,68.0,65.0,65.0,125.0,115.0,80.0
surskit,283,5,17,54,Bug,Water,40.0,30.0,32.0,50.0,52.0,65.0
masquerain,284,8,36,159,Bug,Flying,70.0,60.0,62.0,80.0,82.0,60.0
shroomish,285,4,45,59,Grass,None,60.0,40.0,60.0,40.0,60.0,35.0
breloom,286,12,392,161,Grass,Fighting,60.0,130.0,80.0,60.0,60.0,70.0
slakoth,287,8,240,56,Normal,None,60.0,60.0,60.0,35.0,35.0,30.0
vigoroth,288,14,465,154,Normal,None,80.0,80.0,80.0,55.0,55.0,90.0
slaking,289,20,1305,252,Normal,None,150.0,160.0,100.0,95.0,65.0,100.0
nincada,290,5,55,53,Bug,Ground,31.0,45.0,90.0,30.0,30.0,40.0
ninjask,291,8,120,160,Bug,Flying,61.0,90.0,45.0,50.0,50.0,160.0
shedinja,292,8,12,83,Bug,Ghost,1.0,90.0,45.0,30.0,30.0,40.0
whismur,293,6,163,48,Normal,None,64.0,51.0,23.0,51.0,23.0,28.0
loudred,294,10,405,126,Normal,None,84.0,71.0,43.0,71.0,43.0,48.0
exploud,295,15,840,221,Normal,None,104.0,91.0,63.0,91.0,73.0,68.0
makuhita,296,10,864,47,Fighting,None,72.0,60.0,30.0,20.0,30.0,25.0
hariyama,297,23,2538,166,Fighting,None,144.0,120.0,60.0,40.0,60.0,50.0
azurill,298,2,20,38,Normal,Fairy,50.0,20.0,40.0,20.0,40.0,20.0
nosepass,299,10,970,75,Rock,None,30.0,45.0,135.0,45.0,90.0,30.0
skitty,300,6,110,52,Normal,None,50.0,45.0,45.0,35.0,35.0,50.0
delcatty,301,11,326,140,Normal,None,70.0,65.0,65.0,55.0,55.0,70.0
sableye,302,5,110,133,Dark,Ghost,50.0,75.0,75.0,65.0,65.0,50.0
mawile,303,6,115,133,Steel,Fairy,50.0,85.0,85.0,55.0,55.0,50.0
aron,304,4,600,66,Steel,Rock,50.0,70.0,100.0,40.0,40.0,30.0
lairon,305,9,1200,151,Steel,Rock,60.0,90.0,140.0,50.0,50.0,40.0
aggron,306,21,3600,239,Steel,Rock,70.0,110.0,180.0,60.0,60.0,50.0
meditite,307,6,112,56,Fighting,Psychic,30.0,40.0,55.0,40.0,55.0,60.0
medicham,308,13,315,144,Fighting,Psychic,60.0,60.0,75.0,60.0,75.0,80.0
electrike,309,6,152,59,Electric,None,40.0,45.0,40.0,65.0,40.0,65.0
manectric,310,15,402,166,Electric,None,70.0,75.0,60.0,105.0,60.0,105.0
plusle,311,4,42,142,Electric,None,60.0,50.0,40.0,85.0,75.0,95.0
minun,312,4,42,142,Electric,None,60.0,40.0,50.0,75.0,85.0,95.0
volbeat,313,7,177,151,Bug,None,65.0,73.0,55.0,47.0,75.0,85.0
illumise,314,6,177,151,Bug,None,65.0,47.0,55.0,73.0,75.0,85.0
roselia,315,3,20,140,Grass,Poison,50.0,60.0,45.0,100.0,80.0,65.0
gulpin,316,4,103,60,Poison,None,70.0,43.0,53.0,43.0,53.0,40.0
swalot,317,17,800,163,Poison,None,100.0,73.0,83.0,73.0,83.0,55.0
carvanha,318,8,208,61,Water,Dark,45.0,90.0,20.0,65.0,20.0,65.0
sharpedo,319,18,888,161,Water,Dark,70.0,120.0,40.0,95.0,40.0,95.0
wailmer,320,20,1300,80,Water,None,130.0,70.0,35.0,70.0,35.0,60.0
wailord,321,145,3980,175,Water,None,170.0,90.0,45.0,90.0,45.0,60.0
numel,322,7,240,61,Fire,Ground,60.0,60.0,40.0,65.0,45.0,35.0
camerupt,323,19,2200,161,Fire,Ground,70.0,100.0,70.0,105.0,75.0,40.0
torkoal,324,5,804,165,Fire,None,70.0,85.0,140.0,85.0,70.0,20.0
spoink,325,7,306,66,Psychic,None,60.0,25.0,35.0,70.0,80.0,60.0
grumpig,326,9,715,165,Psychic,None,80.0,45.0,65.0,90.0,110.0,80.0
spinda,327,11,50,126,Normal,None,60.0,60.0,60.0,60.0,60.0,60.0
trapinch,328,7,150,58,Ground,None,45.0,100.0,45.0,45.0,45.0,10.0
vibrava,329,11,153,119,Ground,Dragon,50.0,70.0,50.0,50.0,50.0,70.0
flygon,330,20,820,234,Ground,Dragon,80.0,100.0,80.0,80.0,80.0,100.0
cacnea,331,4,513,67,Grass,None,50.0,85.0,40.0,85.0,40.0,35.0
cacturne,332,13,774,166,Grass,Dark,70.0,115.0,60.0,115.0,60.0,55.0
swablu,333,4,12,62,Normal,Flying,45.0,40.0,60.0,40.0,75.0,50.0
altaria,334,11,206,172,Dragon,Flying,75.0,70.0,90.0,70.0,105.0,80.0
zangoose,335,13,403,160,Normal,None,73.0,115.0,60.0,60.0,60.0,90.0
seviper,336,27,525,160,Poison,None,73.0,100.0,60.0,100.0,60.0,65.0
lunatone,337,10,1680,161,Rock,Psychic,70.0,55.0,65.0,95.0,85.0,70.0
solrock,338,12,1540,161,Rock,Psychic,70.0,95.0,85.0,55.0,65.0,70.0
barboach,339,4,19,58,Water,Ground,50.0,48.0,43.0,46.0,41.0,60.0
whiscash,340,9,236,164,Water,Ground,110.0,78.0,73.0,76.0,71.0,60.0
corphish,341,6,115,62,Water,None,43.0,80.0,65.0,50.0,35.0,35.0
crawdaunt,342,11,328,164,Water,Dark,63.0,120.0,85.0,90.0,55.0,55.0
baltoy,343,5,215,60,Ground,Psychic,40.0,40.0,55.0,40.0,70.0,55.0
claydol,344,15,1080,175,Ground,Psychic,60.0,70.0,105.0,70.0,120.0,75.0
lileep,345,10,238,71,Rock,Grass,66.0,41.0,77.0,61.0,87.0,23.0
cradily,346,15,604,173,Rock,Grass,86.0,81.0,97.0,81.0,107.0,43.0
anorith,347,7,125,71,Rock,Bug,45.0,95.0,50.0,40.0,50.0,75.0
armaldo,348,15,682,173,Rock,Bug,75.0,125.0,100.0,70.0,80.0,45.0
feebas,349,6,74,40,Water,None,20.0,15.0,20.0,10.0,55.0,80.0
milotic,350,62,1620,189,Water,None,95.0,60.0,79.0,100.0,125.0,81.0
castform,351,3,8,147,Normal,None,70.0,70.0,70.0,70.0,70.0,70.0
kecleon,352,10,220,154,Normal,None,60.0,90.0,70.0,60.0,120.0,40.0
shuppet,353,6,23,59,Ghost,None,44.0,75.0,35.0,63.0,33.0,45.0
banette,354,11,125,159,Ghost,None,64.0,115.0,65.0,83.0,63.0,65.0
duskull,355,8,150,59,Ghost,None,20.0,40.0,90.0,30.0,90.0,25.0
dusclops,356,16,306,159,Ghost,None,40.0,70.0,130.0,60.0,130.0,25.0
tropius,357,20,1000,161,Grass,Flying,99.0,68.0,83.0,72.0,87.0,51.0
chimecho,358,6,10,159,Psychic,None,65.0,50.0,70.0,95.0,80.0,65.0
absol,359,12,470,163,Dark,None,65.0,130.0,60.0,75.0,60.0,75.0
wynaut,360,6,140,52,Psychic,None,95.0,23.0,48.0,23.0,48.0,23.0
snorunt,361,7,168,60,Ice,None,50.0,50.0,50.0,50.0,50.0,50.0
glalie,362,15,2565,168,Ice,None,80.0,80.0,80.0,80.0,80.0,80.0
spheal,363,8,395,58,Ice,Water,70.0,40.0,50.0,55.0,50.0,25.0
sealeo,364,11,876,144,Ice,Water,90.0,60.0,70.0,75.0,70.0,45.0
walrein,365,14,1506,239,Ice,Water,110.0,80.0,90.0,95.0,90.0,65.0
clamperl,366,4,525,69,Water,None,35.0,64.0,85.0,74.0,55.0,32.0
huntail,367,17,270,170,Water,None,55.0,104.0,105.0,94.0,75.0,52.0
gorebyss,368,18,226,170,Water,None,55.0,84.0,105.0,114.0,75.0,52.0
relicanth,369,10,234,170,Water,Rock,100.0,90.0,130.0,45.0,65.0,55.0
luvdisc,370,6,87,116,Water,None,43.0,30.0,55.0,40.0,65.0,97.0
bagon,371,6,421,60,Dragon,None,45.0,75.0,60.0,40.0,30.0,50.0
shelgon,372,11,1105,147,Dragon,None,65.0,95.0,100.0,60.0,50.0,50.0
salamence,373,15,1026,270,Dragon,Flying,95.0,135.0,80.0,110.0,80.0,100.0
beldum,374,6,952,60,Steel,Psychic,40.0,55.0,80.0,35.0,60.0,30.0
metang,375,12,2025,147,Steel,Psychic,60.0,75.0,100.0,55.0,80.0,50.0
metagross,376,16,5500,270,Steel,Psychic,80.0,135.0,130.0,95.0,90.0,70.0
regirock,377,17,2300,261,Rock,None,80.0,100.0,200.0,50.0,100.0,50.0
regice,378,18,1750,261,Ice,None,80.0,50.0,100.0,100.0,200.0,50.0
registeel,379,19,2050,261,Steel,None,80.0,75.0,150.0,75.0,150.0,50.0
latias,380,14,400,270,Dragon,Psychic,80.0,80.0,90.0,110.0,130.0,110.0
latios,381,20,600,270,Dragon,Psychic,80.0,90.0,80.0,130.0,110.0,110.0
kyogre,382,45,3520,302,Water,None,100.0,100.0,90.0,150.0,140.0,90.0
groudon,383,35,9500,302,Ground,None,100.0,150.0,140.0,100.0,90.0,90.0
rayquaza,384,70,2065,306,Dragon,Flying,105.0,150.0,90.0,150.0,90.0,95.0
jirachi,385,3,11,270,Steel,Psychic,100.0,100.0,100.0,100.0,100.0,100.0
turtwig,387,4,102,64,Grass,None,55.0,68.0,64.0,45.0,55.0,31.0
grotle,388,11,970,142,Grass,None,75.0,89.0,85.0,55.0,65.0,36.0
torterra,389,22,3100,236,Grass,Ground,95.0,109.0,105.0,75.0,85.0,56.0
chimchar,390,5,62,62,Fire,None,44.0,58.0,44.0,58.0,44.0,61.0
monferno,391,9,220,142,Fire,Fighting,64.0,78.0,52.0,78.0,52.0,81.0
infernape,392,12,550,240,Fire,Fighting,76.0,104.0,71.0,104.0,71.0,108.0
piplup,393,4,52,63,Water,None,53.0,51.0,53.0,61.0,56.0,40.0
prinplup,394,8,230,142,Water,None,64.0,66.0,68.0,81.0,76.0,50.0
empoleon,395,17,845,239,Water,Steel,84.0,86.0,88.0,111.0,101.0,60.0
starly,396,3,20,49,Normal,Flying,40.0,55.0,30.0,30.0,30.0,60.0
staravia,397,6,155,119,Normal,Flying,55.0,75.0,50.0,40.0,40.0,80.0
staraptor,398,12,249,218,Normal,Flying,85.0,120.0,70.0,50.0,60.0,100.0
bidoof,399,5,200,50,Normal,None,59.0,45.0,40.0,35.0,40.0,31.0
bibarel,400,10,315,144,Normal,Water,79.0,85.0,60.0,55.0,60.0,71.0
kricketot,401,3,22,39,Bug,None,37.0,25.0,41.0,25.0,41.0,25.0
kricketune,402,10,255,134,Bug,None,77.0,85.0,51.0,55.0,51.0,65.0
shinx,403,5,95,53,Electric,None,45.0,65.0,34.0,40.0,34.0,45.0
luxio,404,9,305,127,Electric,None,60.0,85.0,49.0,60.0,49.0,60.0
luxray,405,14,420,235,Electric,None,80.0,120.0,79.0,95.0,79.0,70.0
budew,406,2,12,56,Grass,Poison,40.0,30.0,35.0,50.0,70.0,55.0
roserade,407,9,145,232,Grass,Poison,60.0,70.0,65.0,125.0,105.0,90.0
cranidos,408,9,315,70,Rock,None,67.0,125.0,40.0,30.0,30.0,58.0
rampardos,409,16,1025,173,Rock,None,97.0,165.0,60.0,65.0,50.0,58.0
shieldon,410,5,570,70,Rock,Steel,30.0,42.0,118.0,42.0,88.0,30.0
bastiodon,411,13,1495,173,Rock,Steel,60.0,52.0,168.0,47.0,138.0,30.0
burmy,412,2,34,45,Bug,None,40.0,29.0,45.0,29.0,45.0,36.0
mothim,414,9,233,148,Bug,Flying,70.0,94.0,50.0,94.0,50.0,66.0
combee,415,3,55,49,Bug,Flying,30.0,30.0,42.0,30.0,42.0,70.0
vespiquen,416,12,385,166,Bug,Flying,70.0,80.0,102.0,80.0,102.0,40.0
pachirisu,417,4,39,142,Electric,None,60.0,45.0,70.0,45.0,90.0,95.0
buizel,418,7,295,66,Water,None,55.0,65.0,35.0,60.0,30.0,85.0
floatzel,419,11,335,173,Water,None,85.0,105.0,55.0,85.0,50.0,115.0
cherubi,420,4,33,55,Grass,None,45.0,35.0,45.0,62.0,53.0,35.0
cherrim,421,5,93,158,Grass,None,70.0,60.0,70.0,87.0,78.0,85.0
shellos,422,3,63,65,Water,None,76.0,48.0,48.0,57.0,62.0,34.0
gastrodon,423,9,299,166,Water,Ground,111.0,83.0,68.0,92.0,82.0,39.0
ambipom,424,12,203,169,Normal,None,75.0,100.0,66.0,60.0,66.0,115.0
drifloon,425,4,12,70,Ghost,Flying,90.0,50.0,34.0,60.0,44.0,70.0
drifblim,426,12,150,174,Ghost,Flying,150.0,80.0,44.0,90.0,54.0,80.0
buneary,427,4,55,70,Normal,None,55.0,66.0,44.0,44.0,56.0,85.0
lopunny,428,12,333,168,Normal,None,65.0,76.0,84.0,54.0,96.0,105.0
mismagius,429,9,44,173,Ghost,None,60.0,60.0,60.0,105.0,105.0,105.0
honchkrow,430,9,273,177,Dark,Flying,100.0,125.0,52.0,105.0,52.0,71.0
glameow,431,5,39,62,Normal,None,49.0,55.0,42.0,42.0,37.0,85.0
purugly,432,10,438,158,Normal,None,71.0,82.0,64.0,64.0,59.0,112.0
chingling,433,2,6,57,Psychic,None,45.0,30.0,50.0,65.0,50.0,45.0
stunky,434,4,192,66,Poison,Dark,63.0,63.0,47.0,41.0,41.0,74.0
skuntank,435,10,380,168,Poison,Dark,103.0,93.0,67.0,71.0,61.0,84.0
bronzor,436,5,605,60,Steel,Psychic,57.0,24.0,86.0,24.0,86.0,23.0
bronzong,437,13,1870,175,Steel,Psychic,67.0,89.0,116.0,79.0,116.0,33.0
bonsly,438,5,150,58,Rock,None,50.0,80.0,95.0,10.0,45.0,10.0
happiny,440,6,244,110,Normal,None,100.0,5.0,5.0,15.0,65.0,30.0
chatot,441,5,19,144,Normal,Flying,76.0,65.0,45.0,92.0,42.0,91.0
spiritomb,442,10,1080,170,Ghost,Dark,50.0,92.0,108.0,92.0,108.0,35.0
gible,443,7,205,60,Dragon,Ground,58.0,70.0,45.0,40.0,45.0,42.0
gabite,444,14,560,144,Dragon,Ground,68.0,90.0,65.0,50.0,55.0,82.0
garchomp,445,19,950,270,Dragon,Ground,108.0,130.0,95.0,80.0,85.0,102.0
munchlax,446,6,1050,78,Normal,None,135.0,85.0,40.0,40.0,85.0,5.0
riolu,447,7,202,57,Fighting,None,40.0,70.0,40.0,35.0,40.0,60.0
lucario,448,12,540,184,Fighting,Steel,70.0,110.0,70.0,115.0,70.0,90.0
hippopotas,449,8,495,66,Ground,None,68.0,72.0,78.0,38.0,42.0,32.0
hippowdon,450,20,3000,184,Ground,None,108.0,112.0,118.0,68.0,72.0,47.0
skorupi,451,8,120,66,Poison,Bug,40.0,50.0,90.0,30.0,55.0,65.0
drapion,452,13,615,175,Poison,Dark,70.0,90.0,110.0,60.0,75.0,95.0
croagunk,453,7,230,60,Poison,Fighting,48.0,61.0,40.0,61.0,40.0,50.0
toxicroak,454,13,444,172,Poison,Fighting,83.0,106.0,65.0,86.0,65.0,85.0
carnivine,455,14,270,159,Grass,None,74.0,100.0,72.0,90.0,72.0,46.0
finneon,456,4,70,66,Water,None,49.0,49.0,56.0,49.0,61.0,66.0
lumineon,457,12,240,161,Water,None,69.0,69.0,76.0,69.0,86.0,91.0
mantyke,458,10,650,69,Water,Flying,45.0,20.0,50.0,60.0,120.0,50.0
snover,459,10,505,67,Grass,Ice,60.0,62.0,50.0,62.0,60.0,40.0
abomasnow,460,22,1355,173,Grass,Ice,90.0,92.0,75.0,92.0,85.0,60.0
weavile,461,11,340,179,Dark,Ice,70.0,120.0,65.0,45.0,85.0,125.0
magnezone,462,12,1800,241,Electric,Steel,70.0,70.0,115.0,130.0,90.0,60.0
lickilicky,463,17,1400,180,Normal,None,110.0,85.0,95.0,80.0,95.0,50.0
rhyperior,464,24,2828,241,Ground,Rock,115.0,140.0,130.0,55.0,55.0,40.0
tangrowth,465,20,1286,187,Grass,None,100.0,100.0,125.0,110.0,50.0,50.0
electivire,466,18,1386,243,Electric,None,75.0,123.0,67.0,95.0,85.0,95.0
magmortar,467,16,680,243,Fire,None,75.0,95.0,67.0,125.0,95.0,83.0
togekiss,468,15,380,245,Fairy,Flying,85.0,50.0,95.0,120.0,115.0,80.0
yanmega,469,19,515,180,Bug,Flying,86.0,76.0,86.0,116.0,56.0,95.0
leafeon,470,10,255,184,Grass,None,65.0,110.0,130.0,60.0,65.0,95.0
glaceon,471,8,259,184,Ice,None,65.0,60.0,110.0,130.0,95.0,65.0
gliscor,472,20,425,179,Ground,Flying,75.0,95.0,125.0,45.0,75.0,95.0
mamoswine,473,25,2910,239,Ice,Ground,110.0,130.0,80.0,70.0,60.0,80.0
porygon-z,474,9,340,241,Normal,None,85.0,80.0,70.0,135.0,75.0,90.0
gallade,475,16,520,233,Psychic,Fighting,68.0,125.0,65.0,65.0,115.0,80.0
probopass,476,14,3400,184,Rock,Steel,60.0,55.0,145.0,75.0,150.0,40.0
dusknoir,477,22,1066,236,Ghost,None,45.0,100.0,135.0,65.0,135.0,45.0
froslass,478,13,266,168,Ice,Ghost,70.0,80.0,70.0,80.0,70.0,110.0
rotom,479,3,3,154,Electric,Ghost,50.0,50.0,77.0,95.0,77.0,91.0
uxie,480,3,3,261,Psychic,None,75.0,75.0,130.0,75.0,130.0,95.0
mesprit,481,3,3,261,Psychic,None,80.0,105.0,105.0,105.0,105.0,80.0
azelf,482,3,3,261,Psychic,None,75.0,125.0,70.0,125.0,70.0,115.0
dialga,483,54,6830,306,Steel,Dragon,100.0,120.0,120.0,150.0,100.0,90.0
palkia,484,42,3360,306,Water,Dragon,90.0,120.0,100.0,150.0,120.0,100.0
heatran,485,17,4300,270,Fire,Steel,91.0,90.0,106.0,130.0,106.0,77.0
regigigas,486,37,4200,302,Normal,None,110.0,160.0,110.0,80.0,110.0,100.0
cresselia,488,15,856,270,Psychic,None,120.0,70.0,120.0,75.0,130.0,85.0
phione,489,4,31,216,Water,None,80.0,80.0,80.0,80.0,80.0,80.0
manaphy,490,3,14,270,Water,None,100.0,100.0,100.0,100.0,100.0,100.0
darkrai,491,15,505,270,Dark,None,70.0,90.0,90.0,135.0,90.0,125.0
arceus,493,32,3200,324,Normal,None,120.0,120.0,120.0,120.0,120.0,120.0
victini,494,4,40,270,Psychic,Fire,100.0,100.0,100.0,100.0,100.0,100.0
snivy,495,6,81,62,Grass,None,45.0,45.0,55.0,45.0,55.0,63.0
servine,496,8,160,145,Grass,None,60.0,60.0,75.0,60.0,75.0,83.0
serperior,497,33,630,238,Grass,None,75.0,75.0,95.0,75.0,95.0,113.0
tepig,498,5,99,62,Fire,None,65.0,63.0,45.0,45.0,45.0,45.0
pignite,499,10,555,146,Fire,Fighting,90.0,93.0,55.0,70.0,55.0,55.0
emboar,500,16,1500,238,Fire,Fighting,110.0,123.0,65.0,100.0,65.0,65.0
oshawott,501,5,59,62,Water,None,55.0,55.0,45.0,63.0,45.0,45.0
dewott,502,8,245,145,Water,None,75.0,75.0,60.0,83.0,60.0,60.0
samurott,503,15,946,238,Water,None,95.0,100.0,85.0,108.0,70.0,70.0
patrat,504,5,116,51,Normal,None,45.0,55.0,39.0,35.0,39.0,42.0
watchog,505,11,270,147,Normal,None,60.0,85.0,69.0,60.0,69.0,77.0
lillipup,506,4,41,55,Normal,None,45.0,60.0,45.0,25.0,45.0,55.0
herdier,507,9,147,130,Normal,None,65.0,80.0,65.0,35.0,65.0,60.0
stoutland,508,12,610,225,Normal,None,85.0,110.0,90.0,45.0,90.0,80.0
purrloin,509,4,101,56,Dark,None,41.0,50.0,37.0,50.0,37.0,66.0
liepard,510,11,375,156,Dark,None,64.0,88.0,50.0,88.0,50.0,106.0
pansage,511,6,105,63,Grass,None,50.0,53.0,48.0,53.0,48.0,64.0
simisage,512,11,305,174,Grass,None,75.0,98.0,63.0,98.0,63.0,101.0
pansear,513,6,110,63,Fire,None,50.0,53.0,48.0,53.0,48.0,64.0
simisear,514,10,280,174,Fire,None,75.0,98.0,63.0,98.0,63.0,101.0
panpour,515,6,135,63,Water,None,50.0,53.0,48.0,53.0,48.0,64.0
simipour,516,10,290,174,Water,None,75.0,98.0,63.0,98.0,63.0,101.0
munna,517,6,233,58,Psychic,None,76.0,25.0,45.0,67.0,55.0,24.0
musharna,518,11,605,170,Psychic,None,116.0,55.0,85.0,107.0,95.0,29.0
pidove,519,3,21,53,Normal,Flying,50.0,55.0,50.0,36.0,30.0,43.0
tranquill,520,6,150,125,Normal,Flying,62.0,77.0,62.0,50.0,42.0,65.0
unfezant,521,12,290,220,Normal,Flying,80.0,115.0,80.0,65.0,55.0,93.0
blitzle,522,8,298,59,Electric,None,45.0,60.0,32.0,50.0,32.0,76.0
zebstrika,523,16,795,174,Electric,None,75.0,100.0,63.0,80.0,63.0,116.0
roggenrola,524,4,180,56,Rock,None,55.0,75.0,85.0,25.0,25.0,15.0
boldore,525,9,1020,137,Rock,None,70.0,105.0,105.0,50.0,40.0,20.0
gigalith,526,17,2600,232,Rock,None,85.0,135.0,130.0,60.0,80.0,25.0
woobat,527,4,21,65,Psychic,Flying,55.0,45.0,43.0,55.0,43.0,72.0
swoobat,528,9,105,149,Psychic,Flying,67.0,57.0,55.0,77.0,55.0,114.0
drilbur,529,3,85,66,Ground,None,60.0,85.0,40.0,30.0,45.0,68.0
excadrill,530,7,404,178,Ground,Steel,110.0,135.0,60.0,50.0,65.0,88.0
audino,531,11,310,390,Normal,None,103.0,60.0,86.0,60.0,86.0,50.0
timburr,532,6,125,61,Fighting,None,75.0,80.0,55.0,25.0,35.0,35.0
gurdurr,533,12,400,142,Fighting,None,85.0,105.0,85.0,40.0,50.0,40.0
conkeldurr,534,14,870,227,Fighting,None,105.0,140.0,95.0,55.0,65.0,45.0
tympole,535,5,45,59,Water,None,50.0,50.0,40.0,50.0,40.0,64.0
palpitoad,536,8,170,134,Water,Ground,75.0,65.0,55.0,65.0,55.0,69.0
seismitoad,537,15,620,229,Water,Ground,105.0,95.0,75.0,85.0,75.0,74.0
throh,538,13,555,163,Fighting,None,120.0,100.0,85.0,30.0,85.0,45.0
sawk,539,14,510,163,Fighting,None,75.0,125.0,75.0,30.0,75.0,85.0
sewaddle,540,3,25,62,Bug,Grass,45.0,53.0,70.0,40.0,60.0,42.0
swadloon,541,5,73,133,Bug,Grass,55.0,63.0,90.0,50.0,80.0,42.0
leavanny,542,12,205,225,Bug,Grass,75.0,103.0,80.0,70.0,80.0,92.0
venipede,543,4,53,52,Bug,Poison,30.0,45.0,59.0,30.0,39.0,57.0
whirlipede,544,12,585,126,Bug,Poison,40.0,55.0,99.0,40.0,79.0,47.0
scolipede,545,25,2005,218,Bug,Poison,60.0,100.0,89.0,55.0,69.0,112.0
cottonee,546,3,6,56,Grass,Fairy,40.0,27.0,60.0,37.0,50.0,66.0
whimsicott,547,7,66,168,Grass,Fairy,60.0,67.0,85.0,77.0,75.0,116.0
petilil,548,5,66,56,Grass,None,45.0,35.0,50.0,70.0,50.0,30.0
lilligant,549,11,163,168,Grass,None,70.0,60.0,75.0,110.0,75.0,90.0
sandile,551,7,152,58,Ground,Dark,50.0,72.0,35.0,35.0,35.0,65.0
krokorok,552,10,334,123,Ground,Dark,60.0,82.0,45.0,45.0,45.0,74.0
krookodile,553,15,963,234,Ground,Dark,95.0,117.0,80.0,65.0,70.0,92.0
darumaka,554,6,375,63,Fire,None,70.0,90.0,45.0,15.0,45.0,50.0
maractus,556,10,280,161,Grass,None,75.0,86.0,67.0,106.0,67.0,60.0
dwebble,557,3,145,65,Bug,Rock,50.0,65.0,85.0,35.0,35.0,55.0
crustle,558,14,2000,170,Bug,Rock,70.0,95.0,125.0,65.0,75.0,45.0
scraggy,559,6,118,70,Dark,Fighting,50.0,75.0,70.0,35.0,70.0,48.0
scrafty,560,11,300,171,Dark,Fighting,65.0,90.0,115.0,45.0,115.0,58.0
sigilyph,561,14,140,172,Psychic,Flying,72.0,58.0,80.0,103.0,80.0,97.0
yamask,562,5,15,61,Ghost,None,38.0,30.0,85.0,55.0,65.0,30.0
cofagrigus,563,17,765,169,Ghost,None,58.0,50.0,145.0,95.0,105.0,30.0
tirtouga,564,7,165,71,Water,Rock,54.0,78.0,103.0,53.0,45.0,22.0
carracosta,565,12,810,173,Water,Rock,74.0,108.0,133.0,83.0,65.0,32.0
archen,566,5,95,71,Rock,Flying,55.0,112.0,45.0,74.0,45.0,70.0
archeops,567,14,320,177,Rock,Flying,75.0,140.0,65.0,112.0,65.0,110.0
trubbish,568,6,310,66,Poison,None,50.0,50.0,62.0,40.0,62.0,65.0
garbodor,569,19,1073,166,Poison,None,80.0,95.0,82.0,60.0,82.0,75.0
zorua,570,7,125,66,Dark,None,40.0,65.0,40.0,80.0,40.0,65.0
zoroark,571,16,811,179,Dark,None,60.0,105.0,60.0,120.0,60.0,105.0
minccino,572,4,58,60,Normal,None,55.0,50.0,40.0,40.0,40.0,75.0
cinccino,573,5,75,165,Normal,None,75.0,95.0,60.0,65.0,60.0,115.0
gothita,574,4,58,58,Psychic,None,45.0,30.0,50.0,55.0,65.0,45.0
gothorita,575,7,180,137,Psychic,None,60.0,45.0,70.0,75.0,85.0,55.0
gothitelle,576,15,440,221,Psychic,None,70.0,55.0,95.0,95.0,110.0,65.0
solosis,577,3,10,58,Psychic,None,45.0,30.0,40.0,105.0,50.0,20.0
duosion,578,6,80,130,Psychic,None,65.0,40.0,50.0,125.0,60.0,30.0
reuniclus,579,10,201,221,Psychic,None,110.0,65.0,75.0,125.0,85.0,30.0
ducklett,580,5,55,61,Water,Flying,62.0,44.0,50.0,44.0,50.0,55.0
swanna,581,13,242,166,Water,Flying,75.0,87.0,63.0,87.0,63.0,98.0
vanillite,582,4,57,61,Ice,None,36.0,50.0,50.0,65.0,60.0,44.0
vanillish,583,11,410,138,Ice,None,51.0,65.0,65.0,80.0,75.0,59.0
vanilluxe,584,13,575,241,Ice,None,71.0,95.0,85.0,110.0,95.0,79.0
deerling,585,6,195,67,Normal,Grass,60.0,60.0,50.0,40.0,50.0,75.0
sawsbuck,586,19,925,166,Normal,Grass,80.0,100.0,70.0,60.0,70.0,95.0
emolga,587,4,50,150,Electric,Flying,55.0,75.0,60.0,75.0,60.0,103.0
karrablast,588,5,59,63,Bug,None,50.0,75.0,45.0,40.0,45.0,60.0
escavalier,589,10,330,173,Bug,Steel,70.0,135.0,105.0,60.0,105.0,20.0
foongus,590,2,10,59,Grass,Poison,69.0,55.0,45.0,55.0,55.0,15.0
amoonguss,591,6,105,162,Grass,Poison,114.0,85.0,70.0,85.0,80.0,30.0
frillish,592,12,330,67,Water,Ghost,55.0,40.0,50.0,65.0,85.0,40.0
jellicent,593,22,1350,168,Water,Ghost,100.0,60.0,70.0,85.0,105.0,60.0
alomomola,594,12,316,165,Water,None,165.0,75.0,80.0,40.0,45.0,65.0
joltik,595,1,6,64,Bug,Electric,50.0,47.0,50.0,57.0,50.0,65.0
galvantula,596,8,143,165,Bug,Electric,70.0,77.0,60.0,97.0,60.0,108.0
ferroseed,597,6,188,61,Grass,Steel,44.0,50.0,91.0,24.0,86.0,10.0
ferrothorn,598,10,1100,171,Grass,Steel,74.0,94.0,131.0,54.0,116.0,20.0
klink,599,3,210,60,Steel,None,40.0,55.0,70.0,45.0,60.0,30.0
klang,600,6,510,154,Steel,None,60.0,80.0,95.0,70.0,85.0,50.0
klinklang,601,6,810,234,Steel,None,60.0,100.0,115.0,70.0,85.0,90.0
tynamo,602,2,3,55,Electric,None,35.0,55.0,40.0,45.0,40.0,60.0
eelektrik,603,12,220,142,Electric,None,65.0,85.0,70.0,75.0,70.0,40.0
eelektross,604,21,805,232,Electric,None,85.0,115.0,80.0,105.0,80.0,50.0
elgyem,605,5,90,67,Psychic,None,55.0,55.0,55.0,85.0,55.0,30.0
beheeyem,606,10,345,170,Psychic,None,75.0,75.0,75.0,125.0,95.0,40.0
litwick,607,3,31,55,Ghost,Fire,50.0,30.0,55.0,65.0,55.0,20.0
lampent,608,6,130,130,Ghost,Fire,60.0,40.0,60.0,95.0,60.0,55.0
chandelure,609,10,343,234,Ghost,Fire,60.0,55.0,90.0,145.0,90.0,80.0
axew,610,6,180,64,Dragon,None,46.0,87.0,60.0,30.0,40.0,57.0
fraxure,611,10,360,144,Dragon,None,66.0,117.0,70.0,40.0,50.0,67.0
haxorus,612,18,1055,243,Dragon,None,76.0,147.0,90.0,60.0,70.0,97.0
cubchoo,613,5,85,61,Ice,None,55.0,70.0,40.0,60.0,40.0,40.0
beartic,614,26,2600,177,Ice,None,95.0,110.0,80.0,70.0,80.0,50.0
cryogonal,615,11,1480,180,Ice,None,70.0,50.0,30.0,95.0,135.0,105.0
shelmet,616,4,77,61,Bug,None,50.0,40.0,85.0,40.0,65.0,25.0
accelgor,617,8,253,173,Bug,None,80.0,70.0,40.0,100.0,60.0,145.0
stunfisk,618,7,110,165,Ground,Electric,109.0,66.0,84.0,81.0,99.0,32.0
mienfoo,619,9,200,70,Fighting,None,45.0,85.0,50.0,55.0,50.0,65.0
mienshao,620,14,355,179,Fighting,None,65.0,125.0,60.0,95.0,60.0,105.0
druddigon,621,16,1390,170,Dragon,None,77.0,120.0,90.0,60.0,90.0,48.0
golett,622,10,920,61,Ground,Ghost,59.0,74.0,50.0,35.0,50.0,35.0
golurk,623,28,3300,169,Ground,Ghost,89.0,124.0,80.0,55.0,80.0,55.0
pawniard,624,5,102,68,Dark,Steel,45.0,85.0,70.0,40.0,40.0,60.0
bisharp,625,16,700,172,Dark,Steel,65.0,125.0,100.0,60.0,70.0,70.0
bouffalant,626,16,946,172,Normal,None,95.0,110.0,95.0,40.0,95.0,55.0
rufflet,627,5,105,70,Normal,Flying,70.0,83.0,50.0,37.0,50.0,60.0
braviary,628,15,410,179,Normal,Flying,100.0,123.0,75.0,57.0,75.0,80.0
vullaby,629,5,90,74,Dark,Flying,70.0,55.0,75.0,45.0,65.0,60.0
mandibuzz,630,12,395,179,Dark,Flying,110.0,65.0,105.0,55.0,95.0,80.0
heatmor,631,14,580,169,Fire,None,85.0,97.0,66.0,105.0,66.0,65.0
durant,632,3,330,169,Bug,Steel,58.0,109.0,112.0,48.0,48.0,109.0
deino,633,8,173,60,Dark,Dragon,52.0,65.0,50.0,45.0,50.0,38.0
zweilous,634,14,500,147,Dark,Dragon,72.0,85.0,70.0,65.0,70.0,58.0
hydreigon,635,18,1600,270,Dark,Dragon,92.0,105.0,90.0,125.0,90.0,98.0
larvesta,636,11,288,72,Bug,Fire,55.0,85.0,55.0,50.0,55.0,60.0
volcarona,637,16,460,248,Bug,Fire,85.0,60.0,65.0,135.0,105.0,100.0
cobalion,638,21,2500,261,Steel,Fighting,91.0,90.0,129.0,90.0,72.0,108.0
terrakion,639,19,2600,261,Rock,Fighting,91.0,129.0,90.0,72.0,90.0,108.0
virizion,640,20,2000,261,Grass,Fighting,91.0,90.0,72.0,90.0,129.0,108.0
reshiram,643,32,3300,306,Dragon,Fire,100.0,120.0,100.0,150.0,120.0,90.0
zekrom,644,29,3450,306,Dragon,Electric,100.0,150.0,120.0,120.0,100.0,90.0
kyurem,646,30,3250,297,Dragon,Ice,125.0,130.0,90.0,130.0,90.0,95.0
genesect,649,15,825,270,Bug,Steel,71.0,120.0,95.0,120.0,95.0,99.0
chespin,650,4,90,63,Grass,None,56.0,61.0,65.0,48.0,45.0,38.0
quilladin,651,7,290,142,Grass,None,61.0,78.0,95.0,56.0,58.0,57.0
chesnaught,652,16,900,239,Grass,Fighting,88.0,107.0,122.0,74.0,75.0,64.0
fennekin,653,4,94,61,Fire,None,40.0,45.0,40.0,62.0,60.0,60.0
braixen,654,10,145,143,Fire,None,59.0,59.0,58.0,90.0,70.0,73.0
delphox,655,15,390,240,Fire,Psychic,75.0,69.0,72.0,114.0,100.0,104.0
froakie,656,3,70,63,Water,None,41.0,56.0,40.0,62.0,44.0,71.0
frogadier,657,6,109,142,Water,None,54.0,63.0,52.0,83.0,56.0,97.0
greninja,658,15,400,239,Water,Dark,72.0,95.0,67.0,103.0,71.0,122.0
bunnelby,659,4,50,47,Normal,None,38.0,36.0,38.0,32.0,36.0,57.0
diggersby,660,10,424,148,Normal,Ground,85.0,56.0,77.0,50.0,77.0,78.0
fletchling,661,3,17,56,Normal,Flying,45.0,50.0,43.0,40.0,38.0,62.0
fletchinder,662,7,160,134,Fire,Flying,62.0,73.0,55.0,56.0,52.0,84.0
talonflame,663,12,245,175,Fire,Flying,78.0,81.0,71.0,74.0,69.0,126.0
scatterbug,664,3,25,40,Bug,None,38.0,35.0,40.0,27.0,25.0,35.0
spewpa,665,3,84,75,Bug,None,45.0,22.0,60.0,27.0,30.0,29.0
vivillon,666,12,170,185,Bug,Flying,80.0,52.0,50.0,90.0,50.0,89.0
litleo,667,6,135,74,Fire,Normal,62.0,50.0,58.0,73.0,54.0,72.0
pyroar,668,15,815,177,Fire,Normal,86.0,68.0,72.0,109.0,66.0,106.0
floette,670,2,9,130,Fairy,None,54.0,45.0,47.0,75.0,98.0,52.0
florges,671,11,100,248,Fairy,None,78.0,65.0,68.0,112.0,154.0,75.0
skiddo,672,9,310,70,Grass,None,66.0,65.0,48.0,62.0,57.0,52.0
gogoat,673,17,910,186,Grass,None,123.0,100.0,62.0,97.0,81.0,68.0
pancham,674,6,80,70,Fighting,None,67.0,82.0,62.0,46.0,48.0,43.0
pangoro,675,21,1360,173,Fighting,Dark,95.0,124.0,78.0,69.0,71.0,58.0
furfrou,676,12,280,165,Normal,None,75.0,80.0,60.0,65.0,90.0,102.0
espurr,677,3,35,71,Psychic,None,62.0,48.0,54.0,63.0,60.0,68.0
honedge,679,8,20,65,Steel,Ghost,45.0,80.0,100.0,35.0,37.0,28.0
doublade,680,8,45,157,Steel,Ghost,59.0,110.0,150.0,45.0,49.0,35.0
spritzee,682,2,5,68,Fairy,None,78.0,52.0,60.0,63.0,65.0,23.0
aromatisse,683,8,155,162,Fairy,None,101.0,72.0,72.0,99.0,89.0,29.0
swirlix,684,4,35,68,Fairy,None,62.0,48.0,66.0,59.0,57.0,49.0
slurpuff,685,8,50,168,Fairy,None,82.0,80.0,86.0,85.0,75.0,72.0
inkay,686,4,35,58,Dark,Psychic,53.0,54.0,53.0,37.0,46.0,45.0
malamar,687,15,470,169,Dark,Psychic,86.0,92.0,88.0,68.0,75.0,73.0
binacle,688,5,310,61,Rock,Water,42.0,52.0,67.0,39.0,56.0,50.0
barbaracle,689,13,960,175,Rock,Water,72.0,105.0,115.0,54.0,86.0,68.0
skrelp,690,5,73,64,Poison,Water,50.0,60.0,60.0,60.0,60.0,30.0
dragalge,691,18,815,173,Poison,Dragon,65.0,75.0,90.0,97.0,123.0,44.0
clauncher,692,5,83,66,Water,None,50.0,53.0,62.0,58.0,63.0,44.0
clawitzer,693,13,353,100,Water,None,71.0,73.0,88.0,120.0,89.0,59.0
helioptile,694,5,60,58,Electric,Normal,44.0,38.0,33.0,61.0,43.0,70.0
heliolisk,695,10,210,168,Electric,Normal,62.0,55.0,52.0,109.0,94.0,109.0
tyrunt,696,8,260,72,Rock,Dragon,58.0,89.0,77.0,45.0,45.0,48.0
tyrantrum,697,25,2700,182,Rock,Dragon,82.0,121.0,119.0,69.0,59.0,71.0
amaura,698,13,252,72,Rock,Ice,77.0,59.0,50.0,67.0,63.0,46.0
aurorus,699,27,2250,104,Rock,Ice,123.0,77.0,72.0,99.0,92.0,58.0
sylveon,700,10,235,184,Fairy,None,95.0,65.0,65.0,110.0,130.0,60.0
hawlucha,701,8,215,175,Fighting,Flying,78.0,92.0,75.0,74.0,63.0,118.0
dedenne,702,2,22,151,Electric,Fairy,67.0,58.0,57.0,81.0,67.0,101.0
carbink,703,3,57,100,Rock,Fairy,50.0,50.0,150.0,50.0,150.0,50.0
goomy,704,3,28,60,Dragon,None,45.0,50.0,35.0,55.0,75.0,40.0
sliggoo,705,8,175,158,Dragon,None,68.0,75.0,53.0,83.0,113.0,60.0
goodra,706,20,1505,270,Dragon,None,90.0,100.0,70.0,110.0,150.0,80.0
klefki,707,2,30,165,Steel,Fairy,57.0,80.0,91.0,80.0,87.0,75.0
phantump,708,4,70,62,Ghost,Grass,43.0,70.0,48.0,50.0,60.0,38.0
trevenant,709,15,710,166,Ghost,Grass,85.0,110.0,76.0,65.0,82.0,56.0
bergmite,712,10,995,61,Ice,None,55.0,69.0,85.0,32.0,35.0,28.0
avalugg,713,20,5050,180,Ice,None,95.0,117.0,184.0,44.0,46.0,28.0
noibat,714,5,80,49,Flying,Dragon,40.0,30.0,35.0,45.0,40.0,55.0
noivern,715,15,850,187,Flying,Dragon,85.0,70.0,80.0,97.0,80.0,123.0
xerneas,716,30,2150,306,Fairy,None,126.0,131.0,95.0,131.0,98.0,99.0
yveltal,717,58,2030,306,Dark,Flying,126.0,131.0,95.0,131.0,98.0,99.0
diancie,719,7,88,270,Rock,Fairy,50.0,100.0,150.0,100.0,150.0,50.0
volcanion,721,17,1950,270,Fire,Water,80.0,110.0,120.0,130.0,90.0,70.0
